"Plot","ID","Survey Date","Species","Land Use","DBH 1 (cm)","DBH 1: Height (m)","DBH 1: Measured?","DBH 2 (cm)","DBH 2: Height (m)","DBH 2: Measured?","DBH 3 (cm)","DBH 3: Height (m)","DBH 3: Measured?","DBH 4 (cm)","DBH 4: Height (m)","DBH 4: Measured?","DBH 5 (cm)","DBH 5: Height (m)","DBH 5: Measured?","DBH 6 (cm)","DBH 6: Height (m)","DBH 6: Measured?","Crown: Condition","Total Height (m)","Comments"
1,1,6/21/2021,"European hackberry (Celtis australis)",Forest,66.8,,True,,,True,,,True,,,True,,,True,,,True,"90% - 95%",21.00,"Aem. Presenza di Edera Helix, rampicante."
1,2,6/21/2021,"European hackberry (Celtis australis)",Forest,57.3,,True,,,True,,,True,,,True,,,True,,,True,"70% - 75%",22.00,"Aem. Presenza di Edera Helix, rampicante."
1,3,6/21/2021,"European hackberry (Celtis australis)",Forest,63.7,,True,,,True,,,True,,,True,,,True,,,True,"65% - 70%",20.00,"Aem. Presenza di Edera Helix, rampicante."
1,4,6/21/2021,"Sweet cherry (Prunus avium)",Forest,7.6,,True,,,True,,,True,,,True,,,True,,,True,100%,8.00,
1,5,6/21/2021,"Sweet cherry (Prunus avium)",Forest,8.9,,True,,,True,,,True,,,True,,,True,,,True,100%,8.00,
1,6,6/21/2021,"Field elm (Ulmus minor)",Forest,11.5,,True,,,True,,,True,,,True,,,True,,,True,100%,7.00,
1,7,6/21/2021,"European black elderberry (Sambucus nigra)",Forest,8.3,,True,,,True,,,True,,,True,,,True,,,True,"90% - 95%",4.50,
1,8,6/21/2021,"European hackberry (Celtis australis)",Forest,89.1,,True,,,True,,,True,,,True,,,True,,,True,"95% - 99%",23.00,"Aem. Presenza di Edera Helix, rampicante."
1,9,6/21/2021,"European hackberry (Celtis australis)",Forest,76.4,,True,,,True,,,True,,,True,,,True,,,True,"85% - 90%",20.00,"Aem. Presenza di Edera Helix, rampicante."
1,10,6/21/2021,"European hackberry (Celtis australis)",Forest,68.4,,True,,,True,,,True,,,True,,,True,,,True,"85% - 90%",20.00,"Aem. Presenza di Edera Helix, rampicante."
2,1,6/21/2021,"Black locust (Robinia pseudoacacia)",Forest,15.9,,True,,,True,,,True,,,True,,,True,,,True,100%,9.00,Edera
2,2,6/21/2021,"Black locust (Robinia pseudoacacia)",Forest,7.0,,True,,,True,,,True,,,True,,,True,,,True,100%,7.00,
2,3,6/21/2021,"Black locust (Robinia pseudoacacia)",Forest,7.3,,True,,,True,,,True,,,True,,,True,,,True,"15% - 20%",4.00,
2,4,6/21/2021,"Black locust (Robinia pseudoacacia)",Forest,12.7,,True,,,True,,,True,,,True,,,True,,,True,"85% - 90%",12.00,
2,5,6/21/2021,"European hackberry (Celtis australis)",Forest,2.9,,True,2.5,,True,2.5,,True,,,True,,,True,,,True,"70% - 75%",4.00,
2,6,6/21/2021,"Black locust (Robinia pseudoacacia)",Forest,7.3,,True,,,True,,,True,,,True,,,True,,,True,100%,6.50,
2,7,6/21/2021,"Black locust (Robinia pseudoacacia)",Forest,12.7,,True,,,True,,,True,,,True,,,True,,,True,"90% - 95%",12.00,
2,8,6/21/2021,"Field elm (Ulmus minor)",Forest,15.3,,True,15.9,,True,22.3,,True,2.5,,True,,,True,,,True,"75% - 80%",10.00,Edera
2,9,6/21/2021,"Tree of heaven (Ailanthus altissima)",Forest,8.6,,True,,,True,,,True,,,True,,,True,,,True,"90% - 95%",7.00,Edera
2,10,6/21/2021,"European hackberry (Celtis australis)",Forest,8.9,,True,,,True,,,True,,,True,,,True,,,True,"85% - 90%",8.00,
2,11,6/21/2021,"European hackberry (Celtis australis)",Forest,9.9,,True,,,True,,,True,,,True,,,True,,,True,"90% - 95%",7.00,
2,12,6/21/2021,"Tree of heaven (Ailanthus altissima)",Forest,9.2,,True,,,True,,,True,,,True,,,True,,,True,100%,6.00,
2,13,6/21/2021,"Field elm (Ulmus minor)",Forest,25.5,,True,,,True,,,True,,,True,,,True,,,True,"75% - 80%",12.00,
2,14,6/21/2021,"Field elm (Ulmus minor)",Forest,7.3,,True,,,True,,,True,,,True,,,True,,,True,0%,4.00,
2,15,6/21/2021,"European hackberry (Celtis australis)",Forest,6.7,,True,,,True,,,True,,,True,,,True,,,True,"60% - 65%",9.00,
2,16,6/21/2021,"Tree of heaven (Ailanthus altissima)",Forest,8.3,,True,,,True,,,True,,,True,,,True,,,True,"70% - 75%",8.00,
2,17,6/21/2021,"European hackberry (Celtis australis)",Forest,35.0,,True,,,True,,,True,,,True,,,True,,,True,"75% - 80%",15.00,
2,18,6/21/2021,"Field elm (Ulmus minor)",Forest,79.6,,True,,,True,,,True,,,True,,,True,,,True,"85% - 90%",22.00,Edera
2,19,6/21/2021,"European hackberry (Celtis australis)",Forest,7.3,,True,10.2,,True,17.5,,True,10.5,,True,,,True,,,True,"75% - 80%",7.00,
2,20,6/21/2021,"European hackberry (Celtis australis)",Forest,7.3,,True,,,True,,,True,,,True,,,True,,,True,"75% - 80%",7.00,
2,21,6/21/2021,"Common plum (Prunus domestica)",Forest,6.4,,True,9.6,,True,,,True,,,True,,,True,,,True,"85% - 90%",5.00,"Susine rosse"
2,22,6/21/2021,"Black locust (Robinia pseudoacacia)",Forest,12.7,,True,,,True,,,True,,,True,,,True,,,True,100%,10.00,Edera
2,23,6/21/2021,"Black locust (Robinia pseudoacacia)",Forest,19.7,,True,,,True,,,True,,,True,,,True,,,True,"85% - 90%",12.00,
2,24,6/21/2021,"Black locust (Robinia pseudoacacia)",Forest,15.0,,True,,,True,,,True,,,True,,,True,,,True,"85% - 90%",13.00,Edera
2,25,6/21/2021,"Sweet cherry (Prunus avium)",Forest,7.3,,True,,,True,,,True,,,True,,,True,,,True,100%,7.00,
2,26,6/21/2021,"Black locust (Robinia pseudoacacia)",Forest,14.6,,True,,,True,,,True,,,True,,,True,,,True,"90% - 95%",12.00,
4,1,6/21/2021,"European hackberry (Celtis australis)",Forest,7.3,,True,9.6,,True,,,True,,,True,,,True,,,True,100%,7.00,
4,2,6/21/2021,"European hackberry (Celtis australis)",Forest,6.7,,True,,,True,,,True,,,True,,,True,,,True,100%,6.00,
4,3,6/21/2021,"Black locust (Robinia pseudoacacia)",Forest,6.7,,True,,,True,,,True,,,True,,,True,,,True,"30% - 35%",13.00,
4,4,6/21/2021,"Black locust (Robinia pseudoacacia)",Forest,34.4,,True,,,True,,,True,,,True,,,True,,,True,100%,14.00,
4,5,6/21/2021,"Black locust (Robinia pseudoacacia)",Forest,43.0,,True,,,True,,,True,,,True,,,True,,,True,"90% - 95%",16.00,
4,6,6/21/2021,"European hackberry (Celtis australis)",Forest,6.4,,True,,,True,,,True,,,True,,,True,,,True,"80% - 85%",7.00,
4,7,6/21/2021,"Black locust (Robinia pseudoacacia)",Forest,6.4,,True,,,True,,,True,,,True,,,True,,,True,"75% - 80%",7.00,
4,8,6/21/2021,"Black locust (Robinia pseudoacacia)",Forest,6.4,,True,,,True,,,True,,,True,,,True,,,True,"85% - 90%",7.00,"Presenza di Edera rampicante
"
4,9,6/21/2021,"Black locust (Robinia pseudoacacia)",Forest,28.6,,True,,,True,,,True,,,True,,,True,,,True,"70% - 75%",12.00,"Edera rampicante"
4,10,6/21/2021,"Black locust (Robinia pseudoacacia)",Forest,14.0,,True,,,True,,,True,,,True,,,True,,,True,"75% - 80%",10.00,"Edera rampicante
"
4,11,6/21/2021,"European hackberry (Celtis australis)",Forest,8.3,,True,,,True,,,True,,,True,,,True,,,True,100%,7.00,
4,12,6/21/2021,"Black locust (Robinia pseudoacacia)",Forest,10.2,,True,14.3,,True,,,True,,,True,,,True,,,True,"85% - 90%",10.00,
4,13,6/21/2021,"Black locust (Robinia pseudoacacia)",Forest,7.0,,True,,,True,,,True,,,True,,,True,,,True,"65% - 70%",5.00,"Vite canadese rampicante
"
4,14,6/21/2021,"Black locust (Robinia pseudoacacia)",Forest,14.3,,True,,,True,,,True,,,True,,,True,,,True,"75% - 80%",7.00,Edera
4,15,6/21/2021,"Black locust (Robinia pseudoacacia)",Forest,7.3,,True,,,True,,,True,,,True,,,True,,,True,100%,6.00,
4,16,6/21/2021,"Black locust (Robinia pseudoacacia)",Forest,12.7,,True,,,True,,,True,,,True,,,True,,,True,"60% - 65%",9.00,
4,17,6/21/2021,"Black locust (Robinia pseudoacacia)",Forest,12.7,,True,,,True,,,True,,,True,,,True,,,True,"95% - 99%",8.00,Edera
4,18,6/21/2021,"Black locust (Robinia pseudoacacia)",Forest,14.3,,True,,,True,,,True,,,True,,,True,,,True,"75% - 80%",12.00,Edera
4,19,6/21/2021,"European hackberry (Celtis australis)",Forest,9.6,,True,14.3,,True,15.9,,True,,,True,,,True,,,True,100%,8.00,
4,20,6/21/2021,"Black locust (Robinia pseudoacacia)",Forest,43.6,,True,,,True,,,True,,,True,,,True,,,True,"85% - 90%",15.00,
4,21,6/21/2021,"European hackberry (Celtis australis)",Forest,6.7,,True,,,True,,,True,,,True,,,True,,,True,"80% - 85%",7.00,Edera
4,22,6/21/2021,"Black locust (Robinia pseudoacacia)",Forest,10.5,,True,6.1,,True,,,True,,,True,,,True,,,True,"55% - 60%",9.00,Edera
4,23,6/21/2021,"Black locust (Robinia pseudoacacia)",Forest,54.1,,True,,,True,,,True,,,True,,,True,,,True,"85% - 90%",20.00,
4,24,6/21/2021,"European hackberry (Celtis australis)",Forest,8.9,,True,,,True,,,True,,,True,,,True,,,True,"95% - 99%",8.00,
4,25,6/21/2021,"European hackberry (Celtis australis)",Forest,6.4,,True,,,True,,,True,,,True,,,True,,,True,"85% - 90%",7.00,
4,26,6/21/2021,"Oneseed hawthorn (Crataegus monogyna)",Forest,12.7,,True,,,True,,,True,,,True,,,True,,,True,"85% - 90%",5.00,Edera
4,27,6/21/2021,"Black locust (Robinia pseudoacacia)",Forest,39.8,,True,,,True,,,True,,,True,,,True,,,True,"80% - 85%",14.00,
4,28,6/21/2021,"Black locust (Robinia pseudoacacia)",Forest,45.8,,True,,,True,,,True,,,True,,,True,,,True,"75% - 80%",15.00,
4,29,6/21/2021,"European hackberry (Celtis australis)",Forest,8.0,,True,,,True,,,True,,,True,,,True,,,True,"85% - 90%",8.00,
4,30,6/21/2021,"European hackberry (Celtis australis)",Forest,6.4,,True,,,True,,,True,,,True,,,True,,,True,"85% - 90%",7.00,
4,31,6/21/2021,"European hackberry (Celtis australis)",Forest,15.3,,True,10.2,,True,,,True,,,True,,,True,,,True,"85% - 90%",8.00,
4,32,6/21/2021,"European hackberry (Celtis australis)",Forest,6.7,,True,,,True,,,True,,,True,,,True,,,True,"85% - 90%",6.00,
4,33,6/21/2021,"European hackberry (Celtis australis)",Forest,8.0,,True,,,True,,,True,,,True,,,True,,,True,"80% - 85%",6.00,
4,34,6/21/2021,"European hackberry (Celtis australis)",Forest,10.2,,True,,,True,,,True,,,True,,,True,,,True,"85% - 90%",10.00,
4,35,6/21/2021,"Black locust (Robinia pseudoacacia)",Forest,14.6,,True,,,True,,,True,,,True,,,True,,,True,"90% - 95%",10.00,
4,36,6/21/2021,"European hackberry (Celtis australis)",Forest,11.1,,True,,,True,,,True,,,True,,,True,,,True,"90% - 95%",9.00,
5,1,6/19/2021,"Black poplar (Populus nigra)",Forest,44.0,,True,,,True,,,True,,,True,,,True,,,True,100%,8.00,
5,2,6/19/2021,"Black poplar (Populus nigra)",Forest,45.0,,True,,,True,,,True,,,True,,,True,,,True,100%,9.00,
5,3,6/19/2021,"European hackberry (Celtis australis)",Forest,46.0,,True,,,True,,,True,,,True,,,True,,,True,"70% - 75%",4.50,
5,4,6/19/2021,"European hackberry (Celtis australis)",Forest,14.0,,True,18.0,,True,11.0,,True,14.0,,True,8.0,,True,,,True,"70% - 75%",5.00,
5,5,6/19/2021,"European hackberry (Celtis australis)",Forest,21.0,,True,,,True,,,True,,,True,,,True,,,True,"45% - 50%",4.50,
5,6,6/19/2021,"Black poplar (Populus nigra)",Forest,60.0,,True,30.0,,True,18.0,,True,,,True,,,True,,,True,100%,7.00,"Sviluppato come arbusto."
5,7,6/19/2021,"Field elm (Ulmus minor)",Forest,52.0,,True,,,True,,,True,,,True,,,True,,,True,"85% - 90%",7.00,
5,8,6/19/2021,"Black poplar (Populus nigra)",Forest,47.0,,True,46.0,,True,,,True,,,True,,,True,,,True,"90% - 95%",10.00,
6,1,6/21/2021,"Clammy locust (Robinia viscosa)",Forest,12.1,,True,,,True,,,True,,,True,,,True,,,True,100%,6.00,
6,2,6/21/2021,"Oneseed hawthorn (Crataegus monogyna)",Forest,18.1,,True,,,True,,,True,,,True,,,True,,,True,100%,5.00,
6,3,6/21/2021,"Field elm (Ulmus minor)",Forest,35.3,,True,,,True,,,True,,,True,,,True,,,True,"85% - 90%",15.00,Edera
6,4,6/21/2021,"Field elm (Ulmus minor)",Forest,6.7,,True,,,True,,,True,,,True,,,True,,,True,"70% - 75%",8.00,
6,5,6/21/2021,"Field elm (Ulmus minor)",Forest,8.9,,True,,,True,,,True,,,True,,,True,,,True,"70% - 75%",10.00,
6,6,6/21/2021,"Littleleaf linden (Tilia cordata)",Forest,9.2,,True,,,True,,,True,,,True,,,True,,,True,"90% - 95%",5.00,
6,7,6/21/2021,"European hackberry (Celtis australis)",Forest,12.7,,True,,,True,,,True,,,True,,,True,,,True,"65% - 70%",9.00,"Presenza di Clematide rampicante"
6,8,6/21/2021,"White mulberry (Morus alba)",Forest,9.6,,True,,,True,,,True,,,True,,,True,,,True,"75% - 80%",8.00,
6,9,6/21/2021,"Field elm (Ulmus minor)",Forest,7.6,,True,,,True,,,True,,,True,,,True,,,True,"90% - 95%",7.00,
6,10,6/21/2021,"Black locust (Robinia pseudoacacia)",Forest,9.6,,True,,,True,,,True,,,True,,,True,,,True,100%,6.00,
6,11,6/21/2021,"Black locust (Robinia pseudoacacia)",Forest,11.1,,True,,,True,,,True,,,True,,,True,,,True,100%,8.00,
6,12,6/21/2021,"Black locust (Robinia pseudoacacia)",Forest,6.4,,True,,,True,,,True,,,True,,,True,,,True,100%,7.00,
6,13,6/21/2021,"Clammy locust (Robinia viscosa)",Forest,29.6,,True,,,True,,,True,,,True,,,True,,,True,"85% - 90%",13.00,
6,14,6/21/2021,"Clammy locust (Robinia viscosa)",Forest,22.3,,True,,,True,,,True,,,True,,,True,,,True,"90% - 95%",13.00,
7,1,6/25/2021,"Black locust (Robinia pseudoacacia)",Forest,59.2,,True,5.4,,True,,,True,,,True,,,True,,,True,100%,17.00,
7,2,6/25/2021,"European hackberry (Celtis australis)",Forest,12.1,,True,,,True,,,True,,,True,,,True,,,True,100%,10.00,
7,3,6/25/2021,"Black locust (Robinia pseudoacacia)",Forest,24.8,,True,,,True,,,True,,,True,,,True,,,True,"95% - 99%",15.00,
7,4,6/25/2021,"European hackberry (Celtis australis)",Forest,10.2,,True,7.0,,True,8.0,,True,,,True,,,True,,,True,100%,12.00,"Intrecciato con Robinia n.3"
7,5,6/25/2021,"European black elderberry (Sambucus nigra)",Forest,8.3,,True,,,True,,,True,,,True,,,True,,,True,"50% - 55%",3.60,
7,6,6/25/2021,"European hackberry (Celtis australis)",Forest,12.1,,True,,,True,,,True,,,True,,,True,,,True,100%,8.50,
7,7,6/25/2021,"European hackberry (Celtis australis)",Forest,8.6,,True,,,True,,,True,,,True,,,True,,,True,100%,7.50,
7,8,6/25/2021,"Black locust (Robinia pseudoacacia)",Forest,15.3,,True,,,True,,,True,,,True,,,True,,,True,100%,12.00,
7,9,6/25/2021,"hackberry spp (Celtis)",Forest,7.6,,True,,,True,,,True,,,True,,,True,,,True,100%,6.50,
7,10,6/25/2021,"Black locust (Robinia pseudoacacia)",Forest,15.0,,True,,,True,,,True,,,True,,,True,,,True,100%,12.00,
7,11,6/25/2021,"Black locust (Robinia pseudoacacia)",Forest,27.4,,True,,,True,,,True,,,True,,,True,,,True,100%,16.00,
7,12,6/25/2021,"European hackberry (Celtis australis)",Forest,7.0,,True,,,True,,,True,,,True,,,True,,,True,100%,6.00,
7,13,6/25/2021,"European hackberry (Celtis australis)",Forest,8.9,,True,,,True,,,True,,,True,,,True,,,True,100%,6.00,
7,14,6/25/2021,"Black locust (Robinia pseudoacacia)",Forest,22.9,,True,,,True,,,True,,,True,,,True,,,True,"75% - 80%",11.00,
7,15,6/25/2021,"European hackberry (Celtis australis)",Forest,11.1,,True,,,True,,,True,,,True,,,True,,,True,"90% - 95%",7.50,
7,16,6/25/2021,"Black locust (Robinia pseudoacacia)",Forest,82.8,,True,,,True,,,True,,,True,,,True,,,True,"75% - 80%",18.00,
7,17,6/25/2021,"European hackberry (Celtis australis)",Forest,18.5,,True,,,True,,,True,,,True,,,True,,,True,"85% - 90%",12.00,
7,18,6/25/2021,"hackberry spp (Celtis)",Forest,15.3,,True,,,True,,,True,,,True,,,True,,,True,"90% - 95%",9.00,
7,19,6/25/2021,"Black locust (Robinia pseudoacacia)",Forest,44.9,,True,,,True,,,True,,,True,,,True,,,True,"60% - 65%",18.00,
7,20,6/26/2021,"European hackberry (Celtis australis)",Forest,12.1,,True,5.7,,True,,,True,,,True,,,True,,,True,100%,10.00,
7,21,6/25/2021,"European hackberry (Celtis australis)",Forest,15.6,,True,,,True,,,True,,,True,,,True,,,True,100%,9.00,
7,22,6/26/2021,"European hackberry (Celtis australis)",Forest,9.6,,True,,,True,,,True,,,True,,,True,,,True,"90% - 95%",10.00,
7,23,6/26/2021,"European hackberry (Celtis australis)",Forest,20.0,,True,,,True,,,True,,,True,,,True,,,True,"85% - 90%",9.00,
7,24,6/26/2021,"Black locust (Robinia pseudoacacia)",Forest,43.3,,True,31.2,,True,,,True,,,True,,,True,,,True,"70% - 75%",18.00,
7,25,6/26/2021,"European hackberry (Celtis australis)",Forest,11.1,,True,,,True,,,True,,,True,,,True,,,True,"75% - 80%",7.50,
7,26,6/26/2021,"European black elderberry (Sambucus nigra)",Forest,8.3,,True,9.6,,True,8.0,,True,6.4,,True,6.4,,True,8.3,,True,"50% - 55%",5.00,
7,27,6/26/2021,"Black locust (Robinia pseudoacacia)",Forest,46.2,,True,49.3,,True,24.5,,True,,,True,,,True,,,True,"80% - 85%",20.00,
7,28,6/26/2021,"European hackberry (Celtis australis)",Forest,8.0,,True,13.1,,True,9.6,,True,,,True,,,True,,,True,"75% - 80%",10.00,
7,29,6/26/2021,"European hackberry (Celtis australis)",Forest,12.4,,True,9.6,,True,7.3,,True,7.6,,True,,,True,,,True,"85% - 90%",7.00,
7,30,6/26/2021,"European hackberry (Celtis australis)",Forest,12.7,,True,,,True,,,True,,,True,,,True,,,True,100%,9.00,
7,31,6/26/2021,"English walnut (Juglans regia)",Forest,9.6,,True,,,True,,,True,,,True,,,True,,,True,100%,8.00,
7,32,6/26/2021,"European hackberry (Celtis australis)",Forest,10.2,,True,,,True,,,True,,,True,,,True,,,True,"75% - 80%",9.00,
7,33,6/26/2021,"European hackberry (Celtis australis)",Forest,14.6,,True,,,True,,,True,,,True,,,True,,,True,"70% - 75%",10.00,
7,34,6/26/2021,"European hackberry (Celtis australis)",Forest,12.4,,True,,,True,,,True,,,True,,,True,,,True,"90% - 95%",10.00,
7,35,6/26/2021,"European hackberry (Celtis australis)",Forest,22.3,,True,,,True,,,True,,,True,,,True,,,True,"85% - 90%",10.00,
7,36,6/26/2021,"European hackberry (Celtis australis)",Forest,23.5,,True,,,True,,,True,,,True,,,True,,,True,"90% - 95%",12.00,
7,37,6/26/2021,"Oneseed hawthorn (Crataegus monogyna)",Forest,6.4,,True,,,True,,,True,,,True,,,True,,,True,"80% - 85%",2.50,
7,38,6/26/2021,"European black elderberry (Sambucus nigra)",Forest,7.0,,True,4.5,,True,,,True,,,True,,,True,,,True,"50% - 55%",3.50,
7,39,6/26/2021,"European black elderberry (Sambucus nigra)",Forest,17.8,,True,10.8,,True,16.9,,True,10.2,,True,,,True,,,True,"50% - 55%",6.00,
7,40,6/26/2021,"European hackberry (Celtis australis)",Forest,8.6,,True,,,True,,,True,,,True,,,True,,,True,"90% - 95%",9.00,
7,41,6/26/2021,"Black locust (Robinia pseudoacacia)",Forest,36.6,,True,,,True,,,True,,,True,,,True,,,True,"90% - 95%",16.00,
7,42,6/26/2021,"European black elderberry (Sambucus nigra)",Forest,8.6,,True,,,True,,,True,,,True,,,True,,,True,"85% - 90%",2.50,
8,1,6/21/2021,"Boxelder (Acer negundo)",Forest,20.7,,True,,,True,,,True,,,True,,,True,,,True,100%,9.00,
8,2,6/21/2021,"European black elderberry (Sambucus nigra)",Forest,4.5,,True,4.8,,True,7.0,,True,7.3,,True,4.5,,True,6.7,,True,"75% - 80%",4.50,
8,3,6/21/2021,"Black locust (Robinia pseudoacacia)",Forest,9.6,,True,,,True,,,True,,,True,,,True,,,True,100%,12.00,
8,4,6/21/2021,"Black locust (Robinia pseudoacacia)",Forest,41.4,,True,,,True,,,True,,,True,,,True,,,True,0%,14.00,
8,5,6/21/2021,"Black locust (Robinia pseudoacacia)",Forest,41.4,,True,,,True,,,True,,,True,,,True,,,True,0%,14.00,
8,6,6/21/2021,"European hackberry (Celtis australis)",Forest,10.8,,True,10.8,,True,7.6,,True,,,True,,,True,,,True,100%,10.00,
8,7,6/21/2021,"Hedge maple (Acer campestre)",Forest,25.8,,True,,,True,,,True,,,True,,,True,,,True,100%,15.00,
8,8,6/21/2021,"European black elderberry (Sambucus nigra)",Forest,9.6,,True,3.8,,True,5.7,,True,8.0,,True,,,True,,,True,"90% - 95%",5.00,
8,9,6/21/2021,"European black elderberry (Sambucus nigra)",Forest,4.1,,True,2.2,,True,3.2,,True,,,True,,,True,,,True,"40% - 45%",3.00,
8,10,6/21/2021,"European black elderberry (Sambucus nigra)",Forest,4.8,,True,3.2,,True,3.2,,True,3.2,,True,,,True,,,True,"75% - 80%",5.00,
8,11,6/21/2021,"European black elderberry (Sambucus nigra)",Forest,5.4,,True,4.5,,True,1.3,,True,,,True,,,True,,,True,100%,6.00,
8,12,6/21/2021,"European hackberry (Celtis australis)",Forest,4.1,,True,4.1,,True,,,True,,,True,,,True,,,True,100%,5.00,
8,13,6/21/2021,"White mulberry (Morus alba)",Forest,8.6,,True,10.5,,True,,,True,,,True,,,True,,,True,"85% - 90%",9.00,
8,14,6/21/2021,"sycamore spp (Platanus)",Forest,66.8,,True,,,True,,,True,,,True,,,True,,,True,100%,22.00,
8,15,6/21/2021,"European black elderberry (Sambucus nigra)",Forest,9.9,,True,3.2,,True,3.2,,True,2.5,,True,3.5,,True,3.2,,True,100%,5.00,
8,16,6/21/2021,"European black elderberry (Sambucus nigra)",Forest,6.4,,True,,,True,,,True,,,True,,,True,,,True,100%,2.50,
8,17,6/21/2021,"European black elderberry (Sambucus nigra)",Forest,4.8,,True,2.5,,True,2.2,,True,1.6,,True,2.5,,True,0.9,,True,"80% - 85%",3.00,
9,1,6/23/2021,"Field elm (Ulmus minor)",Forest,19.1,,True,,,True,,,True,,,True,,,True,,,True,"90% - 95%",12.00,Edera
9,2,6/23/2021,"Black locust (Robinia pseudoacacia)",Forest,20.7,,True,,,True,,,True,,,True,,,True,,,True,"55% - 60%",12.00,Edera
9,3,6/23/2021,"European hackberry (Celtis australis)",Forest,20.7,,True,,,True,,,True,,,True,,,True,,,True,100%,10.00,
9,4,6/23/2021,"European black elderberry (Sambucus nigra)",Forest,9.6,,True,4.8,,True,4.8,,True,,,True,,,True,,,True,"65% - 70%",7.00,
9,5,6/23/2021,"European hackberry (Celtis australis)",Forest,9.6,,True,,,True,,,True,,,True,,,True,,,True,100%,8.00,
9,6,6/23/2021,"European hackberry (Celtis australis)",Forest,8.0,,True,9.6,,True,,,True,,,True,,,True,,,True,"35% - 40%",4.00,
9,7,6/23/2021,"European black elderberry (Sambucus nigra)",Forest,14.6,,True,,,True,,,True,,,True,,,True,,,True,"75% - 80%",6.00,
9,8,6/23/2021,"European black elderberry (Sambucus nigra)",Forest,13.7,,True,4.8,,True,4.8,,True,3.2,,True,4.8,,True,4.8,,True,100%,6.00,
9,9,6/23/2021,"Black locust (Robinia pseudoacacia)",Forest,28.0,,True,,,True,,,True,,,True,,,True,,,True,"85% - 90%",14.00,
9,10,6/23/2021,"Black locust (Robinia pseudoacacia)",Forest,15.9,,True,,,True,,,True,,,True,,,True,,,True,"95% - 99%",10.00,
9,11,6/23/2021,"European black elderberry (Sambucus nigra)",Forest,8.6,,True,,,True,,,True,,,True,,,True,,,True,"95% - 99%",4.50,
9,12,6/23/2021,"Black locust (Robinia pseudoacacia)",Forest,15.9,,True,,,True,,,True,,,True,,,True,,,True,"85% - 90%",4.00,
9,13,6/23/2021,"European black elderberry (Sambucus nigra)",Forest,12.7,,True,,,True,,,True,,,True,,,True,,,True,"85% - 90%",4.50,
9,14,6/23/2021,"Black locust (Robinia pseudoacacia)",Forest,14.6,,True,,,True,,,True,,,True,,,True,,,True,"85% - 90%",10.00,
9,15,6/23/2021,"European black elderberry (Sambucus nigra)",Forest,6.4,,True,,,True,,,True,,,True,,,True,,,True,"75% - 80%",2.50,
9,16,6/23/2021,"Black locust (Robinia pseudoacacia)",Forest,11.1,,True,,,True,,,True,,,True,,,True,,,True,"60% - 65%",7.00,
9,17,6/23/2021,"Black locust (Robinia pseudoacacia)",Forest,25.5,,True,,,True,,,True,,,True,,,True,,,True,0%,17.00,
9,18,6/23/2021,"European black elderberry (Sambucus nigra)",Forest,10.8,,True,7.0,,True,,,True,,,True,,,True,,,True,"90% - 95%",4.00,
9,19,6/23/2021,"Black locust (Robinia pseudoacacia)",Forest,28.3,,True,,,True,,,True,,,True,,,True,,,True,"85% - 90%",10.00,
9,20,6/23/2021,"Black locust (Robinia pseudoacacia)",Forest,28.6,,True,,,True,,,True,,,True,,,True,,,True,"90% - 95%",15.00,
9,21,6/23/2021,"European black elderberry (Sambucus nigra)",Forest,10.5,,True,,,True,,,True,,,True,,,True,,,True,100%,6.00,
9,22,6/23/2021,"Black locust (Robinia pseudoacacia)",Forest,25.5,,True,,,True,,,True,,,True,,,True,,,True,"85% - 90%",12.00,
9,23,6/23/2021,"Black locust (Robinia pseudoacacia)",Forest,29.6,,True,,,True,,,True,,,True,,,True,,,True,"85% - 90%",10.00,
9,24,6/23/2021,"European hackberry (Celtis australis)",Forest,10.5,,True,,,True,,,True,,,True,,,True,,,True,"80% - 85%",10.00,
9,25,6/23/2021,"European black elderberry (Sambucus nigra)",Forest,10.2,,True,,,True,,,True,,,True,,,True,,,True,100%,6.50,
9,26,6/23/2021,"European hackberry (Celtis australis)",Forest,8.0,,True,,,True,,,True,,,True,,,True,,,True,100%,7.50,
9,27,6/23/2021,"Field elm (Ulmus minor)",Forest,28.6,,True,,,True,,,True,,,True,,,True,,,True,"90% - 95%",10.00,Edera
9,28,6/23/2021,"European hackberry (Celtis australis)",Forest,15.9,,True,,,True,,,True,,,True,,,True,,,True,"60% - 65%",10.00,
9,29,6/23/2021,"European black elderberry (Sambucus nigra)",Forest,9.6,,True,,,True,,,True,,,True,,,True,,,True,"95% - 99%",5.50,
9,30,6/23/2021,"European black elderberry (Sambucus nigra)",Forest,15.0,,True,,,True,,,True,,,True,,,True,,,True,"90% - 95%",7.50,"Coperto di edera"
9,31,6/23/2021,"European black elderberry (Sambucus nigra)",Forest,7.6,,True,,,True,,,True,,,True,,,True,,,True,"90% - 95%",5.00,
9,32,6/23/2021,"Black locust (Robinia pseudoacacia)",Forest,28.3,,True,28.6,,True,,,True,,,True,,,True,,,True,100%,16.00,
10,1,6/23/2021,"Black poplar (Populus nigra)",Forest,25.5,,True,6.4,,True,,,True,,,True,,,True,,,True,"95% - 99%",11.00,
10,2,6/23/2021,"Black poplar (Populus nigra)",Forest,22.3,,True,,,True,,,True,,,True,,,True,,,True,100%,10.00,
10,3,6/23/2021,"Black poplar (Populus nigra)",Forest,17.5,,True,17.2,,True,,,True,,,True,,,True,,,True,100%,12.00,
10,4,6/23/2021,"Black poplar (Populus nigra)",Forest,7.3,,True,6.4,,True,,,True,,,True,,,True,,,True,"75% - 80%",8.00,
10,5,6/23/2021,"Oregon ash (Fraxinus latifolia)",Forest,11.5,,True,,,True,,,True,,,True,,,True,,,True,100%,9.00,
10,6,6/23/2021,"Black locust (Robinia pseudoacacia)",Forest,23.9,,True,36.6,,True,6.4,,True,3.2,,True,,,True,,,True,100%,12.00,
10,7,6/23/2021,"European hackberry (Celtis australis)",Forest,6.4,,True,,,True,,,True,,,True,,,True,,,True,100%,6.00,
10,8,6/23/2021,"Littleleaf linden (Tilia cordata)",Forest,55.7,,True,,,True,,,True,,,True,,,True,,,True,100%,20.00,
10,9,6/23/2021,"Littleleaf linden (Tilia cordata)",Forest,50.9,,True,,,True,,,True,,,True,,,True,,,True,100%,16.00,
10,10,6/23/2021,"Black poplar (Populus nigra)",Forest,20.7,,True,,,True,,,True,,,True,,,True,,,True,"95% - 99%",12.00,
10,11,6/23/2021,"Black locust (Robinia pseudoacacia)",Forest,21.6,,True,,,True,,,True,,,True,,,True,,,True,100%,12.00,
10,12,6/23/2021,"Black locust (Robinia pseudoacacia)",Forest,7.0,,True,,,True,,,True,,,True,,,True,,,True,100%,10.00,
10,13,6/23/2021,"Littleleaf linden (Tilia cordata)",Forest,8.9,,True,,,True,,,True,,,True,,,True,,,True,0%,8.00,
11,1,6/21/2021,"Black poplar (Populus nigra)",Forest,116.2,,True,,,True,,,True,,,True,,,True,,,True,"90% - 95%",22.00,
11,2,6/21/2021,"Sweet cherry (Prunus avium)",Forest,7.3,,True,,,True,,,True,,,True,,,True,,,True,100%,6.00,
11,3,6/21/2021,"European hackberry (Celtis australis)",Forest,7.0,,True,,,True,,,True,,,True,,,True,,,True,"75% - 80%",7.00,
11,4,6/21/2021,"European hackberry (Celtis australis)",Forest,8.9,,True,10.2,,True,,,True,,,True,,,True,,,True,"80% - 85%",8.00,
11,5,6/21/2021,"European hackberry (Celtis australis)",Forest,8.0,,True,,,True,,,True,,,True,,,True,,,True,"30% - 35%",7.00,
11,6,6/21/2021,"Sweet cherry (Prunus avium)",Forest,6.4,,True,,,True,,,True,,,True,,,True,,,True,100%,4.00,
11,7,6/21/2021,"Sweet cherry (Prunus avium)",Forest,10.8,,True,,,True,,,True,,,True,,,True,,,True,100%,8.00,
11,8,6/21/2021,"European hackberry (Celtis australis)",Forest,9.9,,True,,,True,,,True,,,True,,,True,,,True,"85% - 90%",7.00,
11,9,6/21/2021,"Sweet cherry (Prunus avium)",Forest,12.7,,True,,,True,,,True,,,True,,,True,,,True,"75% - 80%",10.00,
11,10,6/21/2021,"Sweet cherry (Prunus avium)",Forest,18.8,,True,,,True,,,True,,,True,,,True,,,True,"90% - 95%",7.50,
11,11,6/21/2021,"Hedge maple (Acer campestre)",Forest,9.2,,True,,,True,,,True,,,True,,,True,,,True,"90% - 95%",7.00,
11,12,6/21/2021,"Black poplar (Populus nigra)",Forest,31.8,,True,20.7,,True,,,True,,,True,,,True,,,True,"80% - 85%",15.00,"Presenza di Edera helix"
11,13,6/21/2021,"Sweet cherry (Prunus avium)",Forest,12.7,,True,,,True,,,True,,,True,,,True,,,True,"85% - 90%",8.00,
11,14,6/21/2021,"Sweet cherry (Prunus avium)",Forest,18.8,,True,,,True,,,True,,,True,,,True,,,True,"85% - 90%",7.50,
11,15,6/21/2021,"Hedge maple (Acer campestre)",Forest,9.2,,True,,,True,,,True,,,True,,,True,,,True,"90% - 95%",7.00,
11,16,6/21/2021,"Black poplar (Populus nigra)",Forest,31.8,,True,20.7,,True,,,True,,,True,,,True,,,True,"80% - 85%",15.00,"Presenza di Edera rampicante"
11,17,6/21/2021,"Sweet cherry (Prunus avium)",Forest,12.7,,True,,,True,,,True,,,True,,,True,,,True,"75% - 80%",10.00,
11,18,6/21/2021,"Sweet cherry (Prunus avium)",Forest,6.7,,True,,,True,,,True,,,True,,,True,,,True,100%,3.00,
11,19,6/21/2021,"European hackberry (Celtis australis)",Forest,6.4,,True,,,True,,,True,,,True,,,True,,,True,"55% - 60%",6.00,
11,20,6/21/2021,"European hackberry (Celtis australis)",Forest,11.5,,True,,,True,,,True,,,True,,,True,,,True,"85% - 90%",4.50,
11,21,6/21/2021,"European hackberry (Celtis australis)",Forest,6.4,,True,,,True,,,True,,,True,,,True,,,True,"90% - 95%",6.50,
11,22,6/21/2021,"European hackberry (Celtis australis)",Forest,6.4,,True,,,True,,,True,,,True,,,True,,,True,100%,6.00,
11,23,6/21/2021,"European hackberry (Celtis australis)",Forest,7.0,,True,,,True,,,True,,,True,,,True,,,True,100%,5.00,
12,1,6/25/2021,"Black locust (Robinia pseudoacacia)",Forest,27.1,,True,,,True,,,True,,,True,,,True,,,True,"80% - 85%",12.00,"Vite americana rampicante"
12,2,6/25/2021,"Black locust (Robinia pseudoacacia)",Forest,70.0,,True,,,True,,,True,,,True,,,True,,,True,"70% - 75%",12.00,"Vite canadese rampicante"
12,3,6/25/2021,"Black locust (Robinia pseudoacacia)",Forest,19.1,,True,,,True,,,True,,,True,,,True,,,True,"75% - 80%",10.00,"Vite canadese rampicante"
13,1,6/23/2021,"Field elm (Ulmus minor)",Forest,15.9,,True,14.3,,True,18.5,,True,,,True,,,True,,,True,100%,9.00,
13,2,6/23/2021,"Tree of heaven (Ailanthus altissima)",Forest,18.1,,True,,,True,,,True,,,True,,,True,,,True,100%,8.00,
13,3,6/23/2021,"White mulberry (Morus alba)",Forest,11.5,,True,,,True,,,True,,,True,,,True,,,True,100%,7.00,
13,4,6/23/2021,"Tree of heaven (Ailanthus altissima)",Forest,17.5,,True,12.7,,True,12.1,,True,,,True,,,True,,,True,100%,8.00,
14,1,6/20/2021,"Black locust (Robinia pseudoacacia)",Forest,12.7,,True,,,True,,,True,,,True,,,True,,,True,"35% - 40%",19.00,
14,2,6/20/2021,"Black locust (Robinia pseudoacacia)",Forest,13.7,,True,,,True,,,True,,,True,,,True,,,True,"90% - 95%",19.00,
14,3,6/21/2021,"Black locust (Robinia pseudoacacia)",Forest,16.2,,True,,,True,,,True,,,True,,,True,,,True,"80% - 85%",8.00,
14,4,6/19/2021,"European hackberry (Celtis australis)",Forest,16.2,,True,,,True,,,True,,,True,,,True,,,True,100%,10.00,
14,5,6/19/2021,"Black locust (Robinia pseudoacacia)",Forest,31.8,,True,,,True,,,True,,,True,,,True,,,True,"80% - 85%",19.00,
14,6,6/19/2021,"Black locust (Robinia pseudoacacia)",Forest,21.6,,True,,,True,,,True,,,True,,,True,,,True,100%,19.00,
14,7,6/19/2021,"European hackberry (Celtis australis)",Forest,6.4,,True,,,True,,,True,,,True,,,True,,,True,100%,7.00,
14,8,6/19/2021,"European hackberry (Celtis australis)",Forest,10.5,,True,,,True,,,True,,,True,,,True,,,True,100%,6.00,
14,9,6/19/2021,"Black locust (Robinia pseudoacacia)",Forest,39.2,,True,,,True,,,True,,,True,,,True,,,True,"90% - 95%",19.00,
14,10,6/19/2021,"European hackberry (Celtis australis)",Forest,7.3,,True,,,True,,,True,,,True,,,True,,,True,100%,7.00,
14,11,6/19/2021,"Black locust (Robinia pseudoacacia)",Forest,15.6,,True,,,True,,,True,,,True,,,True,,,True,"95% - 99%",19.00,
14,12,6/19/2021,"Black locust (Robinia pseudoacacia)",Forest,12.7,,True,,,True,,,True,,,True,,,True,,,True,"90% - 95%",18.00,
14,13,6/19/2021,"Black locust (Robinia pseudoacacia)",Forest,22.3,,True,,,True,,,True,,,True,,,True,,,True,"70% - 75%",19.00,
14,14,6/19/2021,"Black locust (Robinia pseudoacacia)",Forest,22.0,,True,,,True,,,True,,,True,,,True,,,True,"80% - 85%",18.00,
14,15,6/19/2021,"European hackberry (Celtis australis)",Forest,7.0,,True,,,True,,,True,,,True,,,True,,,True,100%,6.00,
14,16,6/19/2021,"Black locust (Robinia pseudoacacia)",Forest,16.9,,True,,,True,,,True,,,True,,,True,,,True,"90% - 95%",17.00,
14,17,6/19/2021,"Black locust (Robinia pseudoacacia)",Forest,49.0,,True,,,True,,,True,,,True,,,True,,,True,"70% - 75%",18.00,
14,18,6/19/2021,"European hackberry (Celtis australis)",Forest,6.7,,True,,,True,,,True,,,True,,,True,,,True,"90% - 95%",6.00,
14,19,6/19/2021,"European hackberry (Celtis australis)",Forest,8.0,,True,,,True,,,True,,,True,,,True,,,True,"95% - 99%",9.00,
14,20,6/19/2021,"Black locust (Robinia pseudoacacia)",Forest,11.1,,True,,,True,,,True,,,True,,,True,,,True,"60% - 65%",12.00,
14,21,6/20/2021,"Black locust (Robinia pseudoacacia)",Forest,23.9,,True,,,True,,,True,,,True,,,True,,,True,"70% - 75%",18.00,
14,22,6/21/2021,"Black locust (Robinia pseudoacacia)",Forest,96.4,,True,,,True,,,True,,,True,,,True,,,True,"60% - 65%",18.00,
14,23,6/21/2021,"Black locust (Robinia pseudoacacia)",Forest,49.0,,True,,,True,,,True,,,True,,,True,,,True,"55% - 60%",18.00,
14,24,6/21/2021,"European hackberry (Celtis australis)",Forest,20.0,,True,,,True,,,True,,,True,,,True,,,True,"80% - 85%",10.00,
14,25,6/21/2021,"European hackberry (Celtis australis)",Forest,17.5,,True,,,True,,,True,,,True,,,True,,,True,"45% - 50%",6.00,
14,26,6/21/2021,"European hackberry (Celtis australis)",Forest,19.7,,True,,,True,,,True,,,True,,,True,,,True,"70% - 75%",6.00,
14,27,6/21/2021,"European hackberry (Celtis australis)",Forest,16.2,,True,,,True,,,True,,,True,,,True,,,True,"90% - 95%",6.50,
14,28,6/21/2021,"European hackberry (Celtis australis)",Forest,32.8,,True,,,True,,,True,,,True,,,True,,,True,"90% - 95%",12.00,
14,29,6/21/2021,"European hackberry (Celtis australis)",Forest,11.8,,True,,,True,,,True,,,True,,,True,,,True,"85% - 90%",5.00,
14,30,6/21/2021,"Black locust (Robinia pseudoacacia)",Forest,30.2,,True,,,True,,,True,,,True,,,True,,,True,"70% - 75%",18.00,
14,31,6/21/2021,"Black locust (Robinia pseudoacacia)",Forest,9.6,,True,,,True,,,True,,,True,,,True,,,True,"35% - 40%",7.00,
15,1,6/19/2021,"Black poplar (Populus nigra)",Forest,41.0,,True,,,True,,,True,,,True,,,True,,,True,100%,15.00,
15,2,6/19/2021,"Black poplar (Populus nigra)",Forest,23.0,,True,16.0,,True,9.0,,True,,,True,,,True,,,True,"85% - 90%",4.50,
15,3,6/19/2021,"Black poplar (Populus nigra)",Forest,52.0,,True,,,True,,,True,,,True,,,True,,,True,"90% - 95%",10.50,
15,4,6/19/2021,"White mulberry (Morus alba)",Forest,100.0,,True,103.0,,True,26.0,,True,49.0,,True,29.0,,True,44.0,,True,"50% - 55%",7.50,"Presenza di parassiti su foglie. Notevole presenza di frutti (more).
Suolo profondo 25 cm"
15,5,6/19/2021,"European hackberry (Celtis australis)",Forest,15.0,,True,12.0,,True,6.0,,True,,,True,,,True,,,True,"75% - 80%",4.00,
15,6,6/19/2021,"Black poplar (Populus nigra)",Forest,91.0,,True,65.0,,True,,,True,,,True,,,True,,,True,"90% - 95%",18.50,
15,7,6/19/2021,"Black poplar (Populus nigra)",Forest,75.0,,True,147.0,,True,,,True,,,True,,,True,,,True,"80% - 85%",18.00,"Vite canadese rampicante sul tronco."
15,8,6/19/2021,"Black locust (Robinia pseudoacacia)",Forest,20.0,,True,,,True,,,True,,,True,,,True,,,True,"90% - 95%",8.00,"Violette ai piedi dell'albero"
15,9,6/19/2021,"Robinia spp (Robinia)",Forest,20.0,,True,,,True,,,True,,,True,,,True,,,True,"85% - 90%",7.00,
15,10,6/19/2021,"Robinia spp (Robinia)",Forest,20.0,,True,,,True,,,True,,,True,,,True,,,True,"85% - 90%",20.00,
15,11,6/19/2021,"Field elm (Ulmus minor)",Forest,195.0,,True,,,True,,,True,,,True,,,True,,,True,"75% - 80%",16.00,"Vite americana rampicante"
15,12,6/19/2021,"Black locust (Robinia pseudoacacia)",Forest,25.0,,True,,,True,,,True,,,True,,,True,,,True,"85% - 90%",9.00,
15,13,6/19/2021,"Black locust (Robinia pseudoacacia)",Forest,25.0,,True,,,True,,,True,,,True,,,True,,,True,"80% - 85%",8.00,
15,14,6/19/2021,"Black locust (Robinia pseudoacacia)",Forest,25.0,,True,,,True,,,True,,,True,,,True,,,True,100%,7.50,
15,15,6/19/2021,"Robinia spp (Robinia)",Forest,20.0,,True,6.0,,True,,,True,,,True,,,True,,,True,100%,6.50,
15,16,6/19/2021,"Robinia spp (Robinia)",Forest,24.0,,True,,,True,,,True,,,True,,,True,,,True,"90% - 95%",6.50,"Violette ai piedi dell'albero con pacciamatura"
16,1,6/25/2021,"Black locust (Robinia pseudoacacia)",Forest,24.8,,True,,,True,,,True,,,True,,,True,,,True,100%,9.50,
16,2,6/25/2021,"Black poplar (Populus nigra)",Forest,20.7,,True,,,True,,,True,,,True,,,True,,,True,"95% - 99%",10.00,
16,3,6/25/2021,"Black poplar (Populus nigra)",Forest,24.2,,True,,,True,,,True,,,True,,,True,,,True,"95% - 99%",10.50,
16,4,6/25/2021,"Black poplar (Populus nigra)",Forest,15.6,,True,,,True,,,True,,,True,,,True,,,True,100%,8.50,
16,5,6/25/2021,"Black poplar (Populus nigra)",Forest,23.9,,True,,,True,,,True,,,True,,,True,,,True,"90% - 95%",9.50,
16,6,6/25/2021,"Black poplar (Populus nigra)",Forest,8.0,,True,,,True,,,True,,,True,,,True,,,True,"80% - 85%",6.50,
16,7,6/25/2021,"Black poplar (Populus nigra)",Forest,10.2,,True,,,True,,,True,,,True,,,True,,,True,"80% - 85%",7.50,
16,8,6/25/2021,"Eastern white pine (Pinus strobus)",Forest,8.0,,True,,,True,,,True,,,True,,,True,,,True,100%,6.00,
16,9,6/25/2021,"Black locust (Robinia pseudoacacia)",Forest,8.0,,True,1.9,,True,,,True,,,True,,,True,,,True,"90% - 95%",6.50,
16,10,6/25/2021,"Black locust (Robinia pseudoacacia)",Forest,15.9,,True,15.9,,True,,,True,,,True,,,True,,,True,100%,8.50,
16,11,6/25/2021,"Black locust (Robinia pseudoacacia)",Forest,6.4,,True,,,True,,,True,,,True,,,True,,,True,100%,6.00,
16,12,6/25/2021,"Common fig (Ficus carica)",Forest,4.1,,True,4.1,,True,8.6,,True,,,True,,,True,,,True,100%,5.00,
16,13,6/25/2021,"Black locust (Robinia pseudoacacia)",Forest,12.7,,True,15.0,,True,,,True,,,True,,,True,,,True,100%,9.00,
16,14,6/25/2021,"Black locust (Robinia pseudoacacia)",Forest,28.6,,True,,,True,,,True,,,True,,,True,,,True,"90% - 95%",9.00,
16,15,6/25/2021,"Common fig (Ficus carica)",Forest,3.8,,True,3.8,,True,2.5,,True,,,True,,,True,,,True,100%,3.50,
16,16,6/25/2021,"Black locust (Robinia pseudoacacia)",Forest,17.8,,True,6.4,,True,,,True,,,True,,,True,,,True,"90% - 95%",10.00,
16,17,6/25/2021,"European hackberry (Celtis australis)",Forest,17.5,,True,17.5,,True,17.5,,True,8.0,,True,12.7,,True,9.6,,True,100%,8.50,
16,18,6/25/2021,"Common fig (Ficus carica)",Forest,12.1,,True,8.3,,True,6.4,,True,,,True,,,True,,,True,"95% - 99%",5.00,"Cresciuto a un livello di suolo pi√π basso, tra le rocce."
16,19,6/25/2021,"Black locust (Robinia pseudoacacia)",Forest,11.1,,True,,,True,,,True,,,True,,,True,,,True,"80% - 85%",7.50,"Vite canadese rampicante"
17,1,6/21/2021,"Black poplar (Populus nigra)",Forest,8.0,,True,,,True,,,True,,,True,,,True,,,True,100%,7.00,"Cresciuto sull'asfatlo"
17,2,6/21/2021,"Black locust (Robinia pseudoacacia)",Forest,7.3,,True,,,True,,,True,,,True,,,True,,,True,100%,12.00,
17,3,6/21/2021,"Black locust (Robinia pseudoacacia)",Forest,11.1,,True,,,True,,,True,,,True,,,True,,,True,100%,10.00,
17,4,6/21/2021,"Field elm (Ulmus minor)",Forest,17.5,,True,,,True,,,True,,,True,,,True,,,True,100%,5.00,"Cresciuto sull'asfalto"
17,5,6/21/2021,"Black locust (Robinia pseudoacacia)",Forest,15.6,,True,,,True,,,True,,,True,,,True,,,True,100%,15.00,
17,6,6/21/2021,"Black locust (Robinia pseudoacacia)",Forest,11.8,,True,,,True,,,True,,,True,,,True,,,True,100%,18.00,
17,7,6/21/2021,"Black locust (Robinia pseudoacacia)",Forest,8.3,,True,,,True,,,True,,,True,,,True,,,True,100%,10.00,
17,8,6/21/2021,"Field elm (Ulmus minor)",Forest,8.0,,True,,,True,,,True,,,True,,,True,,,True,100%,5.00,
17,9,6/21/2021,"Black locust (Robinia pseudoacacia)",Forest,14.3,,True,,,True,,,True,,,True,,,True,,,True,100%,14.00,
17,10,6/21/2021,"Black locust (Robinia pseudoacacia)",Forest,12.4,,True,,,True,,,True,,,True,,,True,,,True,100%,15.00,
17,11,6/21/2021,"Black poplar (Populus nigra)",Forest,3.2,,True,,,True,,,True,,,True,,,True,,,True,"70% - 75%",12.00,"Cresciuto sull'asfalto"
17,12,6/21/2021,"Field elm (Ulmus minor)",Forest,16.5,,True,,,True,,,True,,,True,,,True,,,True,100%,8.00,"Cresciuto sull'asfalto"
17,13,6/21/2021,"Black locust (Robinia pseudoacacia)",Forest,14.3,,True,,,True,,,True,,,True,,,True,,,True,"95% - 99%",15.00,
17,14,6/21/2021,"Black locust (Robinia pseudoacacia)",Forest,15.9,,True,,,True,,,True,,,True,,,True,,,True,"95% - 99%",12.00,
17,15,6/21/2021,"sycamore spp (Platanus)",Forest,6.4,,True,,,True,,,True,,,True,,,True,,,True,100%,9.00,"Cresciuto sull'asfalto"
17,16,6/21/2021,"Field elm (Ulmus minor)",Forest,12.7,,True,,,True,,,True,,,True,,,True,,,True,100%,6.00,"Cresciuto sull'asfalto"
17,17,6/21/2021,"Black locust (Robinia pseudoacacia)",Forest,13.7,,True,,,True,,,True,,,True,,,True,,,True,100%,18.00,
17,18,6/21/2021,"Field elm (Ulmus minor)",Forest,25.5,,True,,,True,,,True,,,True,,,True,,,True,"75% - 80%",12.00,"Cresciuto sull'asfalto"
17,19,6/21/2021,"Field elm (Ulmus minor)",Forest,18.5,,True,,,True,,,True,,,True,,,True,,,True,100%,6.00,"Cresciuto sull'asfalto"
17,20,6/21/2021,"Black locust (Robinia pseudoacacia)",Forest,7.3,,True,,,True,,,True,,,True,,,True,,,True,100%,6.00,
17,21,6/21/2021,"Black poplar (Populus nigra)",Forest,16.9,,True,,,True,,,True,,,True,,,True,,,True,"85% - 90%",8.00,"Cresciuto sull'asfalto"
18,1,6/21/2021,"Black poplar (Populus nigra)",Forest,22.3,,True,,,True,,,True,,,True,,,True,,,True,"85% - 90%",21.00,"Una delle due ricrescita dell'albero in decomposizione. Cresciuto sul cemento."
18,2,6/21/2021,"Black poplar (Populus nigra)",Forest,33.1,,True,,,True,,,True,,,True,,,True,,,True,"75% - 80%",21.00,"Una delle due ricrescita dell'albero in decomposizione. Cresciuto sul cemento.
"
18,3,6/21/2021,"European hackberry (Celtis australis)",Forest,9.9,,True,,,True,,,True,,,True,,,True,,,True,"90% - 95%",12.00,
18,4,6/21/2021,"European hackberry (Celtis australis)",Forest,8.9,,True,,,True,,,True,,,True,,,True,,,True,"90% - 95%",9.00,
18,5,6/21/2021,"Black poplar (Populus nigra)",Forest,17.8,,True,,,True,,,True,,,True,,,True,,,True,"70% - 75%",10.00,
18,6,6/21/2021,"Sweet cherry (Prunus avium)",Forest,15.9,,True,,,True,,,True,,,True,,,True,,,True,"85% - 90%",12.00,
18,7,6/21/2021,"Black poplar (Populus nigra)",Forest,22.9,,True,,,True,,,True,,,True,,,True,,,True,"80% - 85%",20.00,
18,8,6/21/2021,"European hackberry (Celtis australis)",Forest,9.2,,True,,,True,,,True,,,True,,,True,,,True,"95% - 99%",12.00,
18,9,6/21/2021,"European hackberry (Celtis australis)",Forest,7.3,,True,,,True,,,True,,,True,,,True,,,True,"95% - 99%",12.00,
18,10,6/21/2021,"European hackberry (Celtis australis)",Forest,8.3,,True,,,True,,,True,,,True,,,True,,,True,"90% - 95%",8.00,
18,11,6/21/2021,"European hackberry (Celtis australis)",Forest,14.3,,True,,,True,,,True,,,True,,,True,,,True,100%,18.00,
18,12,6/21/2021,"Black poplar (Populus nigra)",Forest,12.1,,True,,,True,,,True,,,True,,,True,,,True,"85% - 90%",15.00,
18,17,6/21/2021,"European hackberry (Celtis australis)",Forest,33.1,,True,,,True,,,True,,,True,,,True,,,True,100%,16.00,
18,18,6/21/2021,"Black poplar (Populus nigra)",Forest,29.6,,True,,,True,,,True,,,True,,,True,,,True,100%,20.00,
18,19,6/21/2021,"Black poplar (Populus nigra)",Forest,10.8,,True,,,True,,,True,,,True,,,True,,,True,"70% - 75%",14.00,
18,20,6/21/2021,"Black poplar (Populus nigra)",Forest,14.0,,True,,,True,,,True,,,True,,,True,,,True,"85% - 90%",17.00,
18,21,6/21/2021,"European hackberry (Celtis australis)",Forest,8.6,,True,,,True,,,True,,,True,,,True,,,True,100%,10.00,
18,22,6/21/2021,"European hackberry (Celtis australis)",Forest,11.5,,True,,,True,,,True,,,True,,,True,,,True,"85% - 90%",15.00,
18,23,6/21/2021,"European hackberry (Celtis australis)",Forest,10.2,,True,,,True,,,True,,,True,,,True,,,True,"85% - 90%",15.00,
18,24,6/21/2021,"European hackberry (Celtis australis)",Forest,7.6,,True,,,True,,,True,,,True,,,True,,,True,"85% - 90%",12.00,
18,25,6/21/2021,"Oneseed hawthorn (Crataegus monogyna)",Forest,6.4,,True,,,True,,,True,,,True,,,True,,,True,"60% - 65%",3.00,
18,26,6/21/2021,"Black poplar (Populus nigra)",Forest,70.0,,True,,,True,,,True,,,True,,,True,,,True,"70% - 75%",22.00,
18,27,6/21/2021,"European hackberry (Celtis australis)",Forest,22.3,,True,,,True,,,True,,,True,,,True,,,True,"85% - 90%",5.00,
18,28,6/21/2021,"Black poplar (Populus nigra)",Forest,12.1,,True,,,True,,,True,,,True,,,True,,,True,0%,9.00,
18,29,6/21/2021,"European hackberry (Celtis australis)",Forest,17.8,,True,,,True,,,True,,,True,,,True,,,True,"85% - 90%",9.00,
18,30,6/21/2021,"Sweet cherry (Prunus avium)",Forest,19.1,,True,,,True,,,True,,,True,,,True,,,True,"80% - 85%",15.00,"Presenza di vite canadese"
18,31,6/21/2021,"European hackberry (Celtis australis)",Forest,10.8,,True,,,True,,,True,,,True,,,True,,,True,100%,14.00,
18,32,6/21/2021,"European hackberry (Celtis australis)",Forest,20.7,,True,,,True,,,True,,,True,,,True,,,True,"80% - 85%",12.00,
18,33,6/21/2021,"European hackberry (Celtis australis)",Forest,11.1,,True,,,True,,,True,,,True,,,True,,,True,"85% - 90%",8.00,
18,34,6/21/2021,"Black poplar (Populus nigra)",Forest,63.7,,True,,,True,,,True,,,True,,,True,,,True,0%,15.00,"Tronco in stato di decomposizione avanzata. Presenza di nuovo humus"
18,35,6/21/2021,"European hackberry (Celtis australis)",Forest,8.9,,True,,,True,,,True,,,True,,,True,,,True,"80% - 85%",8.00,
18,36,6/21/2021,"European hackberry (Celtis australis)",Forest,6.4,,True,,,True,,,True,,,True,,,True,,,True,"45% - 50%",6.00,
18,37,6/21/2021,"European hackberry (Celtis australis)",Forest,11.5,,True,,,True,,,True,,,True,,,True,,,True,"90% - 95%",6.00,
18,38,6/21/2021,"Black poplar (Populus nigra)",Forest,12.7,,True,,,True,,,True,,,True,,,True,,,True,"95% - 99%",15.00,
18,39,6/21/2021,"Black poplar (Populus nigra)",Forest,27.4,,True,,,True,,,True,,,True,,,True,,,True,100%,22.00,
18,40,6/21/2021,"Sweet cherry (Prunus avium)",Forest,23.9,,True,,,True,,,True,,,True,,,True,,,True,"80% - 85%",16.00,
18,41,6/21/2021,"Sweet cherry (Prunus avium)",Forest,15.9,,True,,,True,,,True,,,True,,,True,,,True,"85% - 90%",15.00,
18,42,6/21/2021,"Sweet cherry (Prunus avium)",Forest,9.2,,True,,,True,,,True,,,True,,,True,,,True,100%,8.00,
19,1,6/21/2021,"European hackberry (Celtis australis)",Forest,12.7,,True,,,True,,,True,,,True,,,True,,,True,100%,8.00,
19,2,6/21/2021,"Black locust (Robinia pseudoacacia)",Forest,14.6,,True,,,True,,,True,,,True,,,True,,,True,"70% - 75%",12.00,
19,3,6/21/2021,"Black locust (Robinia pseudoacacia)",Forest,44.6,,True,,,True,,,True,,,True,,,True,,,True,"20% - 25%",19.00,
19,4,6/21/2021,"Black locust (Robinia pseudoacacia)",Forest,28.0,,True,,,True,,,True,,,True,,,True,,,True,"75% - 80%",16.00,
19,5,6/21/2021,"Black locust (Robinia pseudoacacia)",Forest,11.1,,True,,,True,,,True,,,True,,,True,,,True,100%,12.00,
19,6,6/21/2021,"European hackberry (Celtis australis)",Forest,6.4,,True,,,True,,,True,,,True,,,True,,,True,100%,6.00,
19,7,6/21/2021,"European hackberry (Celtis australis)",Forest,8.6,,True,,,True,,,True,,,True,,,True,,,True,"90% - 95%",7.00,
19,8,6/21/2021,"Black locust (Robinia pseudoacacia)",Forest,73.2,,True,,,True,,,True,,,True,,,True,,,True,"60% - 65%",19.00,"Presenza di fungo Ganoderma."
19,9,6/21/2021,"European hackberry (Celtis australis)",Forest,14.0,,True,,,True,,,True,,,True,,,True,,,True,"90% - 95%",10.00,Edera
19,10,6/21/2021,"Black locust (Robinia pseudoacacia)",Forest,19.1,,True,,,True,,,True,,,True,,,True,,,True,"50% - 55%",15.00,"Presenza di Edera"
19,11,6/21/2021,"European hackberry (Celtis australis)",Forest,10.2,,True,,,True,,,True,,,True,,,True,,,True,"85% - 90%",7.00,
19,12,6/21/2021,"European hackberry (Celtis australis)",Forest,8.0,,True,,,True,,,True,,,True,,,True,,,True,"75% - 80%",5.00,
19,13,6/21/2021,"European hackberry (Celtis australis)",Forest,8.0,,True,,,True,,,True,,,True,,,True,,,True,"85% - 90%",6.00,"Presente Edera"
19,14,6/21/2021,"Black locust (Robinia pseudoacacia)",Forest,24.5,,True,,,True,,,True,,,True,,,True,,,True,"80% - 85%",15.00,
19,15,6/21/2021,"Black locust (Robinia pseudoacacia)",Forest,50.3,,True,,,True,,,True,,,True,,,True,,,True,"60% - 65%",19.00,
19,16,6/21/2021,"Black locust (Robinia pseudoacacia)",Forest,29.6,,True,,,True,,,True,,,True,,,True,,,True,"55% - 60%",18.00,"Presenza di Edera"
19,17,6/21/2021,"European hackberry (Celtis australis)",Forest,9.2,,True,,,True,,,True,,,True,,,True,,,True,"85% - 90%",5.00,
19,18,6/21/2021,"Black locust (Robinia pseudoacacia)",Forest,16.5,,True,,,True,,,True,,,True,,,True,,,True,"65% - 70%",15.00,"Presenza di Edera"
19,19,6/21/2021,"European hackberry (Celtis australis)",Forest,8.0,,True,,,True,,,True,,,True,,,True,,,True,"60% - 65%",6.00,
19,20,6/21/2021,"Black locust (Robinia pseudoacacia)",Forest,19.7,,True,,,True,,,True,,,True,,,True,,,True,"50% - 55%",14.00,"Presenza Edera"
19,21,6/21/2021,"European hackberry (Celtis australis)",Forest,6.4,,True,,,True,,,True,,,True,,,True,,,True,"70% - 75%",4.00,
19,22,6/21/2021,"White mulberry (Morus alba)",Forest,7.3,,True,,,True,,,True,,,True,,,True,,,True,"80% - 85%",5.00,
19,23,6/21/2021,"Black locust (Robinia pseudoacacia)",Forest,33.7,,True,,,True,,,True,,,True,,,True,,,True,"60% - 65%",19.00,"Presenza Edera e vite americana rampicanti"
19,24,6/21/2021,"Black locust (Robinia pseudoacacia)",Forest,20.7,,True,,,True,,,True,,,True,,,True,,,True,"70% - 75%",16.00,
19,25,6/21/2021,"Black locust (Robinia pseudoacacia)",Forest,12.7,,True,,,True,,,True,,,True,,,True,,,True,100%,12.00,
19,26,6/21/2021,"Black locust (Robinia pseudoacacia)",Forest,14.0,,True,,,True,,,True,,,True,,,True,,,True,"90% - 95%",15.00,
19,27,6/21/2021,"Black locust (Robinia pseudoacacia)",Forest,23.9,,True,,,True,,,True,,,True,,,True,,,True,"50% - 55%",17.00,"Presenza di Edera fitta"
19,28,6/21/2021,"Black locust (Robinia pseudoacacia)",Forest,8.9,,True,,,True,,,True,,,True,,,True,,,True,"65% - 70%",8.00,"Presenza Edera"
19,29,6/21/2021,"Black locust (Robinia pseudoacacia)",Forest,24.5,,True,,,True,,,True,,,True,,,True,,,True,"65% - 70%",15.00,"Vite canadese"
19,30,6/21/2021,"Black locust (Robinia pseudoacacia)",Forest,17.2,,True,,,True,,,True,,,True,,,True,,,True,"90% - 95%",15.00,"Vite Canadese"
19,31,6/21/2021,"Black locust (Robinia pseudoacacia)",Forest,17.5,,True,,,True,,,True,,,True,,,True,,,True,"55% - 60%",17.00,"Presenza Edera"
19,32,6/21/2021,"Black locust (Robinia pseudoacacia)",Forest,18.5,,True,,,True,,,True,,,True,,,True,,,True,"90% - 95%",18.00,
19,33,6/21/2021,"Black locust (Robinia pseudoacacia)",Forest,17.8,,True,,,True,,,True,,,True,,,True,,,True,"70% - 75%",16.00,"Presenza Edera"
19,34,6/21/2021,"Black locust (Robinia pseudoacacia)",Forest,11.5,,True,,,True,,,True,,,True,,,True,,,True,"40% - 45%",12.00,"Presenza Edera"
20,1,6/23/2021,"Field elm (Ulmus minor)",Forest,11.5,,True,,,True,,,True,,,True,,,True,,,True,100%,9.00,
20,2,6/23/2021,"Field elm (Ulmus minor)",Forest,20.4,,True,,,True,,,True,,,True,,,True,,,True,100%,10.00,
20,3,6/23/2021,"Field elm (Ulmus minor)",Forest,22.0,,True,,,True,,,True,,,True,,,True,,,True,100%,12.00,
20,4,6/23/2021,"Oneseed hawthorn (Crataegus monogyna)",Forest,6.4,,True,,,True,,,True,,,True,,,True,,,True,100%,4.00,
20,5,6/23/2021,"Field elm (Ulmus minor)",Forest,8.3,,True,,,True,,,True,,,True,,,True,,,True,100%,5.50,
20,6,6/23/2021,"Field elm (Ulmus minor)",Forest,8.9,,True,,,True,,,True,,,True,,,True,,,True,100%,5.00,
20,7,6/23/2021,"Orange eye butterflybush (Buddleja davidii)",Forest,4.8,,True,3.8,,True,5.7,,True,3.8,,True,4.8,,True,,,True,"95% - 99%",3.50,
20,8,6/23/2021,"Field elm (Ulmus minor)",Forest,16.5,,True,,,True,,,True,,,True,,,True,,,True,100%,5.00,
20,9,6/23/2021,"Field elm (Ulmus minor)",Forest,8.3,,True,,,True,,,True,,,True,,,True,,,True,"95% - 99%",6.50,
20,10,6/23/2021,"Field elm (Ulmus minor)",Forest,15.3,,True,,,True,,,True,,,True,,,True,,,True,100%,9.00,
20,11,6/23/2021,"Oneseed hawthorn (Crataegus monogyna)",Forest,5.7,,True,0.6,,True,,,True,,,True,,,True,,,True,100%,4.00,
21,1,6/23/2021,"elm spp (Ulmus)",Forest,20.7,,True,,,True,,,True,,,True,,,True,,,True,"70% - 75%",5.00,
21,2,6/23/2021,"European hackberry (Celtis australis)",Forest,22.3,,True,,,True,,,True,,,True,,,True,,,True,0%,10.00,
21,3,6/23/2021,"European hackberry (Celtis australis)",Forest,22.3,,True,,,True,,,True,,,True,,,True,,,True,"95% - 99%",9.00,
21,4,6/23/2021,"Black locust (Robinia pseudoacacia)",Forest,24.5,,True,17.5,,True,,,True,,,True,,,True,,,True,"65% - 70%",13.00,
21,5,6/23/2021,"Black locust (Robinia pseudoacacia)",Forest,23.9,,True,,,True,,,True,,,True,,,True,,,True,"80% - 85%",10.00,
21,6,6/23/2021,"Black locust (Robinia pseudoacacia)",Forest,19.1,,True,,,True,,,True,,,True,,,True,,,True,"85% - 90%",8.00,
21,7,6/23/2021,"Common fig (Ficus carica)",Forest,6.4,,True,,,True,,,True,,,True,,,True,,,True,100%,2.50,Pendente
21,8,6/23/2021,"Black locust (Robinia pseudoacacia)",Forest,14.3,,True,,,True,,,True,,,True,,,True,,,True,100%,8.00,
21,9,6/23/2021,"Common fig (Ficus carica)",Forest,6.4,,True,,,True,,,True,,,True,,,True,,,True,100%,4.00,
21,10,6/23/2021,"Black locust (Robinia pseudoacacia)",Forest,10.8,,True,,,True,,,True,,,True,,,True,,,True,100%,8.00,
21,11,6/23/2021,"Field elm (Ulmus minor)",Forest,22.6,,True,,,True,,,True,,,True,,,True,,,True,"85% - 90%",8.00,
21,12,6/23/2021,"Field elm (Ulmus minor)",Forest,6.4,,True,7.6,,True,,,True,,,True,,,True,,,True,100%,6.00,
21,13,6/23/2021,"Field elm (Ulmus minor)",Forest,14.6,,True,22.0,,True,,,True,,,True,,,True,,,True,100%,10.00,
21,14,6/23/2021,"Black locust (Robinia pseudoacacia)",Forest,11.5,,True,,,True,,,True,,,True,,,True,,,True,100%,7.00,
21,15,6/23/2021,"Black locust (Robinia pseudoacacia)",Forest,17.8,,True,,,True,,,True,,,True,,,True,,,True,100%,9.00,
21,16,6/23/2021,"Tree of heaven (Ailanthus altissima)",Forest,19.1,,True,,,True,,,True,,,True,,,True,,,True,"75% - 80%",9.00,"Edera. Nato sulla collinetta di terra di riporto."
21,17,6/23/2021,"Tree of heaven (Ailanthus altissima)",Forest,17.2,,True,,,True,,,True,,,True,,,True,,,True,"65% - 70%",9.00,
21,18,6/23/2021,"European hackberry (Celtis australis)",Forest,23.5,,True,21.0,,True,18.5,,True,,,True,,,True,,,True,"65% - 70%",10.00,
21,19,6/23/2021,"European black elderberry (Sambucus nigra)",Forest,15.0,,True,,,True,,,True,,,True,,,True,,,True,"45% - 50%",4.50,
21,20,6/23/2021,"European hackberry (Celtis australis)",Forest,30.9,,True,27.4,,True,35.3,,True,21.3,,True,27.1,,True,82.1,,True,100%,12.00,
22,1,6/25/2021,"European hackberry (Celtis australis)",Forest,7.6,,True,,,True,,,True,,,True,,,True,,,True,"95% - 99%",6.00,
22,2,6/25/2021,"European hackberry (Celtis australis)",Forest,5.1,,True,6.1,,True,,,True,,,True,,,True,,,True,"90% - 95%",6.00,
22,3,6/25/2021,"Tree of heaven (Ailanthus altissima)",Forest,16.2,,True,9.2,,True,,,True,,,True,,,True,,,True,100%,10.00,
22,4,6/25/2021,"Tree of heaven (Ailanthus altissima)",Forest,8.0,,True,,,True,,,True,,,True,,,True,,,True,100%,9.00,
22,5,6/25/2021,"Tree of heaven (Ailanthus altissima)",Forest,28.3,,True,11.1,,True,,,True,,,True,,,True,,,True,100%,12.00,
22,6,6/25/2021,"European crabapple (Malus sylvestris)",Forest,7.6,,True,,,True,,,True,,,True,,,True,,,True,"60% - 65%",4.50,
22,7,6/25/2021,"European hackberry (Celtis australis)",Forest,5.7,,True,5.4,,True,7.0,,True,,,True,,,True,,,True,100%,7.00,
22,8,6/25/2021,"European hackberry (Celtis australis)",Forest,12.7,,True,,,True,,,True,,,True,,,True,,,True,100%,8.00,
22,9,6/25/2021,"Black poplar (Populus nigra)",Forest,58.9,,True,,,True,,,True,,,True,,,True,,,True,"45% - 50%",18.00,
22,10,6/25/2021,"European hackberry (Celtis australis)",Forest,23.2,,True,,,True,,,True,,,True,,,True,,,True,100%,9.00,
22,11,6/25/2021,"European hackberry (Celtis australis)",Forest,7.3,,True,,,True,,,True,,,True,,,True,,,True,"95% - 99%",7.00,
22,12,6/25/2021,"European hackberry (Celtis australis)",Forest,11.1,,True,12.1,,True,,,True,,,True,,,True,,,True,"95% - 99%",8.00,
22,13,6/25/2021,"European hackberry (Celtis australis)",Forest,7.3,,True,8.0,,True,6.4,,True,,,True,,,True,,,True,"90% - 95%",8.00,
22,14,6/25/2021,"European hackberry (Celtis australis)",Forest,8.0,,True,,,True,,,True,,,True,,,True,,,True,100%,6.50,
22,15,6/25/2021,"European hackberry (Celtis australis)",Forest,10.5,,True,4.5,,True,,,True,,,True,,,True,,,True,"95% - 99%",7.00,
22,16,6/25/2021,"European hackberry (Celtis australis)",Forest,13.7,,True,4.8,,True,9.9,,True,,,True,,,True,,,True,"90% - 95%",7.50,
22,17,6/25/2021,"European hackberry (Celtis australis)",Forest,7.0,,True,4.9,,True,,,True,,,True,,,True,,,True,"90% - 95%",6.50,
22,18,6/25/2021,"European hackberry (Celtis australis)",Forest,7.3,,True,,,True,,,True,,,True,,,True,,,True,100%,7.00,
22,19,6/25/2021,"European hackberry (Celtis australis)",Forest,21.2,,True,,,True,,,True,,,True,,,True,,,True,100%,10.00,
22,20,6/25/2021,"European hackberry (Celtis australis)",Forest,5.7,,True,9.9,,True,,,True,,,True,,,True,,,True,"95% - 99%",8.00,
22,21,6/25/2021,"European hackberry (Celtis australis)",Forest,20.7,,True,21.0,,True,,,True,,,True,,,True,,,True,100%,13.00,
22,22,6/25/2021,"European hackberry (Celtis australis)",Forest,8.0,,True,,,True,,,True,,,True,,,True,,,True,"90% - 95%",6.50,
22,23,6/25/2021,"Oneseed hawthorn (Crataegus monogyna)",Forest,7.3,,True,7.3,,True,10.2,,True,,,True,,,True,,,True,100%,5.00,
22,24,6/25/2021,"European hackberry (Celtis australis)",Forest,5.7,,True,5.1,,True,,,True,,,True,,,True,,,True,"70% - 75%",7.00,
22,25,6/25/2021,"Black locust (Robinia pseudoacacia)",Forest,8.0,,True,,,True,,,True,,,True,,,True,,,True,"95% - 99%",6.00,
23,1,6/21/2021,"Field elm (Ulmus minor)",Forest,9.9,,True,,,True,,,True,,,True,,,True,,,True,100%,5.00,
23,2,6/21/2021,"sycamore spp (Platanus)",Forest,8.6,,True,,,True,,,True,,,True,,,True,,,True,100%,7.00,
23,3,6/21/2021,"Field elm (Ulmus minor)",Forest,5.7,,True,5.7,,True,,,True,,,True,,,True,,,True,"90% - 95%",4.50,
23,4,6/21/2021,"European hackberry (Celtis australis)",Forest,6.4,,True,,,True,,,True,,,True,,,True,,,True,100%,6.00,
23,5,6/21/2021,"Black poplar (Populus nigra)",Forest,66.8,,True,,,True,,,True,,,True,,,True,,,True,"90% - 95%",18.00,
23,6,6/21/2021,"European hackberry (Celtis australis)",Forest,7.6,,True,,,True,,,True,,,True,,,True,,,True,100%,5.00,
23,7,6/21/2021,"Field elm (Ulmus minor)",Forest,16.5,,True,,,True,,,True,,,True,,,True,,,True,"75% - 80%",8.00,
23,8,6/21/2021,"Field elm (Ulmus minor)",Forest,28.0,,True,,,True,,,True,,,True,,,True,,,True,"95% - 99%",10.00,
23,9,6/21/2021,"Field elm (Ulmus minor)",Forest,18.5,,True,,,True,,,True,,,True,,,True,,,True,100%,9.00,
23,10,6/21/2021,"Field elm (Ulmus minor)",Forest,18.8,,True,13.1,,True,13.7,,True,,,True,,,True,,,True,"95% - 99%",10.00,
23,11,6/21/2021,"Field elm (Ulmus minor)",Forest,20.4,,True,19.7,,True,,,True,,,True,,,True,,,True,"90% - 95%",10.00,"Presenza di Luppolo rampicante."
23,12,6/21/2021,"European hackberry (Celtis australis)",Forest,7.0,,True,,,True,,,True,,,True,,,True,,,True,100%,5.00,
23,13,6/21/2021,"Field elm (Ulmus minor)",Forest,12.1,,True,,,True,,,True,,,True,,,True,,,True,100%,8.00,
24,1,6/21/2021,"European hackberry (Celtis australis)",Forest,8.9,,True,,,True,,,True,,,True,,,True,,,True,100%,5.00,
24,2,6/21/2021,"European black elderberry (Sambucus nigra)",Forest,10.8,,True,8.0,,True,14.3,,True,41.4,,True,,,True,,,True,"50% - 55%",3.50,
24,3,6/21/2021,"Black locust (Robinia pseudoacacia)",Forest,22.9,,True,,,True,,,True,,,True,,,True,,,True,"70% - 75%",9.50,
24,4,6/21/2021,"Black locust (Robinia pseudoacacia)",Forest,12.4,,True,7.0,,True,9.6,,True,,,True,,,True,,,True,"75% - 80%",9.00,
24,5,6/21/2021,"European hackberry (Celtis australis)",Forest,7.0,,True,,,True,,,True,,,True,,,True,,,True,100%,5.00,
24,6,6/21/2021,"Black locust (Robinia pseudoacacia)",Forest,11.5,,True,5.7,,True,,,True,,,True,,,True,,,True,"75% - 80%",4.00,
24,9,6/21/2021,"Black locust (Robinia pseudoacacia)",Forest,35.3,,True,,,True,,,True,,,True,,,True,,,True,100%,15.00,
24,10,6/21/2021,"Black locust (Robinia pseudoacacia)",Forest,11.8,,True,,,True,,,True,,,True,,,True,,,True,"75% - 80%",7.50,
24,11,6/21/2021,"Black locust (Robinia pseudoacacia)",Forest,60.5,,True,8.0,,True,5.4,,True,,,True,,,True,,,True,"75% - 80%",15.00,
24,12,6/21/2021,"European hackberry (Celtis australis)",Forest,43.0,,True,,,True,,,True,,,True,,,True,,,True,"85% - 90%",8.00,
24,13,6/21/2021,"Black locust (Robinia pseudoacacia)",Forest,15.0,,True,,,True,,,True,,,True,,,True,,,True,"55% - 60%",12.00,
24,14,6/21/2021,"Black locust (Robinia pseudoacacia)",Forest,11.8,,True,,,True,,,True,,,True,,,True,,,True,"75% - 80%",7.50,
24,15,6/21/2021,"Black locust (Robinia pseudoacacia)",Forest,43.0,,True,,,True,,,True,,,True,,,True,,,True,"85% - 90%",8.00,
24,16,6/21/2021,"Black locust (Robinia pseudoacacia)",Forest,15.0,,True,,,True,,,True,,,True,,,True,,,True,"55% - 60%",12.00,
24,17,6/21/2021,"Black locust (Robinia pseudoacacia)",Forest,28.6,,True,,,True,,,True,,,True,,,True,,,True,"65% - 70%",13.00,
24,18,6/21/2021,"Black locust (Robinia pseudoacacia)",Forest,8.3,,True,,,True,,,True,,,True,,,True,,,True,"55% - 60%",4.00,"Presenza di fungo - Ganoderma"
24,19,6/21/2021,"Black locust (Robinia pseudoacacia)",Forest,9.6,,True,,,True,,,True,,,True,,,True,,,True,"75% - 80%",6.00,
24,20,6/21/2021,"Black locust (Robinia pseudoacacia)",Forest,76.4,,True,,,True,,,True,,,True,,,True,,,True,"85% - 90%",21.00,
24,21,6/21/2021,"Black locust (Robinia pseudoacacia)",Forest,79.6,,True,,,True,,,True,,,True,,,True,,,True,"85% - 90%",21.00,
24,22,6/21/2021,"Black locust (Robinia pseudoacacia)",Forest,46.5,,True,,,True,,,True,,,True,,,True,,,True,100%,18.00,
24,23,6/21/2021,"Black locust (Robinia pseudoacacia)",Forest,7.3,,True,,,True,,,True,,,True,,,True,,,True,"40% - 45%",3.00,
24,24,6/21/2021,"Black locust (Robinia pseudoacacia)",Forest,14.0,,True,,,True,,,True,,,True,,,True,,,True,"35% - 40%",5.00,
24,25,6/21/2021,"Black locust (Robinia pseudoacacia)",Forest,7.3,,True,,,True,,,True,,,True,,,True,,,True,"75% - 80%",5.00,
24,26,6/21/2021,"Black locust (Robinia pseudoacacia)",Forest,13.7,,True,,,True,,,True,,,True,,,True,,,True,"25% - 30%",3.00,
24,27,6/21/2021,"Black locust (Robinia pseudoacacia)",Forest,35.0,,True,,,True,,,True,,,True,,,True,,,True,"85% - 90%",20.00,
24,28,6/21/2021,"Black locust (Robinia pseudoacacia)",Forest,31.8,,True,,,True,,,True,,,True,,,True,,,True,"85% - 90%",20.00,
24,29,6/21/2021,"Black locust (Robinia pseudoacacia)",Forest,43.3,,True,,,True,,,True,,,True,,,True,,,True,"90% - 95%",20.00,
24,30,6/21/2021,"Black locust (Robinia pseudoacacia)",Forest,6.4,,True,,,True,,,True,,,True,,,True,,,True,"55% - 60%",7.00,
24,31,6/21/2021,"Black locust (Robinia pseudoacacia)",Forest,12.4,,True,,,True,,,True,,,True,,,True,,,True,"65% - 70%",12.00,
24,32,6/21/2021,"Black locust (Robinia pseudoacacia)",Forest,6.7,,True,,,True,,,True,,,True,,,True,,,True,"75% - 80%",5.00,
24,33,6/21/2021,"Black locust (Robinia pseudoacacia)",Forest,9.2,,True,,,True,,,True,,,True,,,True,,,True,"55% - 60%",5.00,
24,34,6/21/2021,"Black locust (Robinia pseudoacacia)",Forest,43.0,,True,,,True,,,True,,,True,,,True,,,True,"85% - 90%",21.00,
24,35,6/21/2021,"European hackberry (Celtis australis)",Forest,6.4,,True,,,True,,,True,,,True,,,True,,,True,"75% - 80%",7.00,
24,36,6/21/2021,"European hackberry (Celtis australis)",Forest,6.7,,True,,,True,,,True,,,True,,,True,,,True,"65% - 70%",5.00,
24,37,6/21/2021,"Black locust (Robinia pseudoacacia)",Forest,12.1,,True,,,True,,,True,,,True,,,True,,,True,"60% - 65%",7.00,
24,38,6/21/2021,"European hackberry (Celtis australis)",Forest,6.7,,True,,,True,,,True,,,True,,,True,,,True,100%,5.00,
24,39,6/21/2021,"European black elderberry (Sambucus nigra)",Forest,6.4,,True,1.6,,True,,,True,,,True,,,True,,,True,"50% - 55%",2.50,
25,1,6/23/2021,"European hackberry (Celtis australis)",Forest,11.8,,True,,,True,,,True,,,True,,,True,,,True,100%,4.50,
25,2,6/23/2021,"European hackberry (Celtis australis)",Forest,21.6,,True,,,True,,,True,,,True,,,True,,,True,"85% - 90%",5.00,"Coperto d‚Äôala Robinia"
25,3,6/23/2021,"Black locust (Robinia pseudoacacia)",Forest,24.8,,True,14.0,,True,19.1,,True,,,True,,,True,,,True,"95% - 99%",12.00,
25,4,6/23/2021,"Black locust (Robinia pseudoacacia)",Forest,22.9,,True,,,True,,,True,,,True,,,True,,,True,100%,10.00,
25,5,6/23/2021,"Black locust (Robinia pseudoacacia)",Forest,23.9,,True,19.7,,True,26.7,,True,15.0,,True,,,True,,,True,100%,12.00,
25,6,6/23/2021,"European hackberry (Celtis australis)",Forest,11.1,,True,,,True,,,True,,,True,,,True,,,True,"95% - 99%",5.00,
25,7,6/23/2021,"Black locust (Robinia pseudoacacia)",Forest,23.2,,True,14.0,,True,,,True,,,True,,,True,,,True,"80% - 85%",6.00,
25,8,6/23/2021,"Black locust (Robinia pseudoacacia)",Forest,11.8,,True,12.7,,True,,,True,,,True,,,True,,,True,"80% - 85%",8.00,
25,9,6/23/2021,"Black mulberry (Morus nigra)",Forest,7.6,,True,8.0,,True,,,True,,,True,,,True,,,True,100%,6.00,
25,10,6/23/2021,"Black locust (Robinia pseudoacacia)",Forest,17.5,,True,12.1,,True,16.9,,True,,,True,,,True,,,True,100%,8.00,
25,11,6/23/2021,"Black locust (Robinia pseudoacacia)",Forest,6.4,,True,11.1,,True,15.9,,True,,,True,,,True,,,True,100%,15.00,
25,12,6/23/2021,"Black locust (Robinia pseudoacacia)",Forest,18.5,,True,,,True,,,True,,,True,,,True,,,True,100%,14.00,
25,13,6/23/2021,"White mulberry (Morus alba)",Forest,11.1,,True,,,True,,,True,,,True,,,True,,,True,100%,7.00,
25,14,6/23/2021,"Black locust (Robinia pseudoacacia)",Forest,12.7,,True,,,True,,,True,,,True,,,True,,,True,100%,12.00,
25,15,6/23/2021,"Black locust (Robinia pseudoacacia)",Forest,20.7,,True,,,True,,,True,,,True,,,True,,,True,100%,13.00,
25,16,6/23/2021,"Black locust (Robinia pseudoacacia)",Forest,12.7,,True,,,True,,,True,,,True,,,True,,,True,"95% - 99%",10.00,
